MAE,RMSE,R2
10102.518718333326,12619.461829717076,0.9563218840603814
